{"string1.txt": {"/Health/Nutrition": 0.7799999713897705, "/Food & Drink": 0.5400000214576721}, "string5.txt": {"/Books & Literature/Children's Literature": 0.9900000095367432, "/People & Society/Kids & Teens/Children's Interests": 0.9700000286102295}, "string4.txt": {"/Books & Literature/Children's Literature": 0.9200000166893005, "/People & Society/Kids & Teens/Children's Interests": 0.8100000023841858}, "string6.txt": {"/Books & Literature/Children's Literature": 0.9200000166893005, "/People & Society/Kids & Teens/Children's Interests": 0.8500000238418579, "/People & Society/Subcultures & Niche Interests": 0.5600000023841858}, "string3.txt": {"/Internet & Telecom/Mobile & Wireless": 0.6299999952316284, "/Internet & Telecom/Service Providers": 0.5199999809265137}, "string2.txt": {"/Internet & Telecom": 0.7099999785423279}}